"0","#| include: false"
"0","#| warning: false"
"0","#| echo: false"
"0",""
"0","library(epiDisplay)"
"0","library(knitr)"
"0","library(pROC)"
"0","library(tidyverse)"
"0","library(readxl)"
"0","library(ggplot2)"
"0","library(gmodels)"
"0","library(ggbeeswarm)"
"0","library(dplyr)"
"0","library(readr)"
"0","library(ggpubr)"
"0","library(psych)"
"0","library(lme4)"
"0","library(Matrix)"
"0","library(lmerTest)"
"0","library(irr)"
"0","library(lmerTest)"
"0","library(emmeans)"
"0","library(doBy)       "
"0","library(gmodels)    "
"0","library(car)           "
"0","library(cowplot)       "
"0","library(gridGraphics)  "
"0","library(multcomp)"
"0","library(hms)"
"0","library(gt)"
"0","library(lubridate)"
"0","library(nlme)"
"0","library(extrafont)"
